Workbook

Sheet RECIPES_DB
A1: RECIPE_ID | B1: RECIPE_NAME | C1: CUISINE | D1: MAIN_INGREDIENT | E1: FLAVOR_GROUP | F1: CALORIES | G1: PROTEIN_G | H1: SUGAR_G | I1: VEGAN | J1: CULTURAL_TAG | K1: PROTEIN_SCORE | L1: SUGAR_SCORE | M1: CALORIE_SCORE | N1: HEALTH_SCORE | O1: DIET_MATCH | P1: CULTURAL_SCORE | Q1: FLAVOR_SCORE | R1: PERSONALIZATION_SCORE
A2: 1 | B2: Paneer Tikka | C2: Indian | D2: Paneer | E2: Creamy | F2: 320 | G2: 18 | H2: 4 | I2: No | J2: North Indian | K2: =IF(G2>=USER_PROFILE!B4,1,0) -> 0 | L2: =IF(AND(USER_PROFILE!B5="Yes",H2<=5),1,0) -> 0 | M2: =IF(F2<=USER_PROFILE!B3,1,0) -> 1 | N2: =K2+L2+M2 -> 1 | O2: =IF(USER_PROFILE!B2="Vegan",IF(I2="Yes",1,0),1) -> 1 | P2: =IF(C2=USER_PROFILE!B1,1,0) -> 0 | Q2: =IF(E2="Creamy",3, IF(E2="Umami",2, IF(E2="Earthy",2, IF(E2="Fresh",1, IF(E2="Mild",1,1))))) -> 3 | R2: =N2+O2+P2+Q2 -> 5
A3: 2 | B3: Vegetable Pulao | C3: Indian | D3: Rice | E3: Mild | F3: 280 | G3: 7 | H3: 3 | I3: Yes | J3: South Indian | K3: =IF(G3>=USER_PROFILE!B5,1,0) -> 0 | L3: =IF(AND(USER_PROFILE!B6="Yes",H3<=5),1,0) -> 1 | M3: =IF(F3<=USER_PROFILE!B4,1,0) -> 1 | N3: =K3+L3+M3 -> 2 | O3: =IF(USER_PROFILE!B3="Vegan",IF(I3="Yes",1,0),1) -> 1 | P3: =IF(C3=USER_PROFILE!B2,1,0) -> 1 | Q3: =IF(E3="Creamy",3, IF(E3="Umami",2, IF(E3="Earthy",2, IF(E3="Fresh",1, IF(E3="Mild",1,1))))) -> 1 | R3: =N3+O3+P3+Q3 -> 5
A4: 5 | B4: Lentil Soup | C4: Mediterranean | D4: Lentils | E4: Earthy | F4: 230 | G4: 16 | H4: 2 | I4: Yes | J4: Greek | K4: =IF(G4>=USER_PROFILE!B8,1,0) -> 1 | L4: =IF(AND(USER_PROFILE!B9="Yes",H4<=5),1,0) -> 0 | M4: =IF(F4<=USER_PROFILE!B7,1,0) -> 1 | N4: =K4+L4+M4 -> 2 | O4: =IF(USER_PROFILE!B6="Vegan",IF(I4="Yes",1,0),1) -> 1 | P4: =IF(C4=USER_PROFILE!B5,1,0) -> 0 | Q4: =IF(E4="Creamy",3, IF(E4="Umami",2, IF(E4="Earthy",2, IF(E4="Fresh",1, IF(E4="Mild",1,1))))) -> 2 | R4: =N4+O4+P4+Q4 -> 5
A5: 8 | B5: Palak Paneer | C5: Indian | D5: Spinach | E5: Creamy | F5: 310 | G5: 17 | H5: 3 | I5: No | J5: North Indian | K5: =IF(G5>=USER_PROFILE!B11,1,0) -> 1 | L5: =IF(AND(USER_PROFILE!B12="Yes",H5<=5),1,0) -> 0 | M5: =IF(F5<=USER_PROFILE!B10,1,0) -> 0 | N5: =K5+L5+M5 -> 1 | O5: =IF(USER_PROFILE!B9="Vegan",IF(I5="Yes",1,0),1) -> 1 | P5: =IF(C5=USER_PROFILE!B8,1,0) -> 0 | Q5: =IF(E5="Creamy",3, IF(E5="Umami",2, IF(E5="Earthy",2, IF(E5="Fresh",1, IF(E5="Mild",1,1))))) -> 3 | R5: =N5+O5+P5+Q5 -> 5
A6: 12 | B6: Vegetable Korma | C6: Indian | D6: Mixed Vegetables | E6: Creamy | F6: 330 | G6: 11 | H6: 4 | I6: Yes | J6: South Indian | K6: =IF(G6>=USER_PROFILE!B15,1,0) -> 1 | L6: =IF(AND(USER_PROFILE!B16="Yes",H6<=5),1,0) -> 0 | M6: =IF(F6<=USER_PROFILE!B14,1,0) -> 0 | N6: =K6+L6+M6 -> 1 | O6: =IF(USER_PROFILE!B13="Vegan",IF(I6="Yes",1,0),1) -> 1 | P6: =IF(C6=USER_PROFILE!B12,1,0) -> 0 | Q6: =IF(E6="Creamy",3, IF(E6="Umami",2, IF(E6="Earthy",2, IF(E6="Fresh",1, IF(E6="Mild",1,1))))) -> 3 | R6: =N6+O6+P6+Q6 -> 5
A7: 4 | B7: Grilled Tofu Bowl | C7: Asian | D7: Tofu | E7: Umami | F7: 240 | G7: 20 | H7: 1 | I7: Yes | J7: East Asian | K7: =IF(G7>=USER_PROFILE!B7,1,0) -> 0 | L7: =IF(AND(USER_PROFILE!B8="Yes",H7<=5),1,0) -> 0 | M7: =IF(F7<=USER_PROFILE!B6,1,0) -> 1 | N7: =K7+L7+M7 -> 1 | O7: =IF(USER_PROFILE!B5="Vegan",IF(I7="Yes",1,0),1) -> 1 | P7: =IF(C7=USER_PROFILE!B4,1,0) -> 0 | Q7: =IF(E7="Creamy",3, IF(E7="Umami",2, IF(E7="Earthy",2, IF(E7="Fresh",1, IF(E7="Mild",1,1))))) -> 2 | R7: =N7+O7+P7+Q7 -> 4
A8: 6 | B8: Vegetable Stir Fry | C8: Asian | D8: Mixed Vegetables | E8: Umami | F8: 200 | G8: 10 | H8: 2 | I8: Yes | J8: Chinese | K8: =IF(G8>=USER_PROFILE!B9,1,0) -> 1 | L8: =IF(AND(USER_PROFILE!B10="Yes",H8<=5),1,0) -> 0 | M8: =IF(F8<=USER_PROFILE!B8,1,0) -> 0 | N8: =K8+L8+M8 -> 1 | O8: =IF(USER_PROFILE!B7="Vegan",IF(I8="Yes",1,0),1) -> 1 | P8: =IF(C8=USER_PROFILE!B6,1,0) -> 0 | Q8: =IF(E8="Creamy",3, IF(E8="Umami",2, IF(E8="Earthy",2, IF(E8="Fresh",1, IF(E8="Mild",1,1))))) -> 2 | R8: =N8+O8+P8+Q8 -> 4
A9: 10 | B9: Veggie Burrito | C9: Mexican | D9: Beans | E9: Earthy | F9: 290 | G9: 15 | H9: 3 | I9: Yes | J9: Latin | K9: =IF(G9>=USER_PROFILE!B13,1,0) -> 1 | L9: =IF(AND(USER_PROFILE!B14="Yes",H9<=5),1,0) -> 0 | M9: =IF(F9<=USER_PROFILE!B12,1,0) -> 0 | N9: =K9+L9+M9 -> 1 | O9: =IF(USER_PROFILE!B11="Vegan",IF(I9="Yes",1,0),1) -> 1 | P9: =IF(C9=USER_PROFILE!B10,1,0) -> 0 | Q9: =IF(E9="Creamy",3, IF(E9="Umami",2, IF(E9="Earthy",2, IF(E9="Fresh",1, IF(E9="Mild",1,1))))) -> 2 | R9: =N9+O9+P9+Q9 -> 4
A10: 11 | B10: Tofu Scramble | C10: Western | D10: Tofu | E10: Umami | F10: 210 | G10: 19 | H10: 1 | I10: Yes | J10: Global | K10: =IF(G10>=USER_PROFILE!B14,1,0) -> 1 | L10: =IF(AND(USER_PROFILE!B15="Yes",H10<=5),1,0) -> 0 | M10: =IF(F10<=USER_PROFILE!B13,1,0) -> 0 | N10: =K10+L10+M10 -> 1 | O10: =IF(USER_PROFILE!B12="Vegan",IF(I10="Yes",1,0),1) -> 1 | P10: =IF(C10=USER_PROFILE!B11,1,0) -> 0 | Q10: =IF(E10="Creamy",3, IF(E10="Umami",2, IF(E10="Earthy",2, IF(E10="Fresh",1, IF(E10="Mild",1,1))))) -> 2 | R10: =N10+O10+P10+Q10 -> 4
A11: 13 | B11: Hummus & Pita | C11: Middle Eastern | D11: Chickpea | E11: Earthy | F11: 270 | G11: 13 | H11: 2 | I11: Yes | J11: Arabic | K11: =IF(G11>=USER_PROFILE!B16,1,0) -> 1 | L11: =IF(AND(USER_PROFILE!B17="Yes",H11<=5),1,0) -> 0 | M11: =IF(F11<=USER_PROFILE!B15,1,0) -> 0 | N11: =K11+L11+M11 -> 1 | O11: =IF(USER_PROFILE!B14="Vegan",IF(I11="Yes",1,0),1) -> 1 | P11: =IF(C11=USER_PROFILE!B13,1,0) -> 0 | Q11: =IF(E11="Creamy",3, IF(E11="Umami",2, IF(E11="Earthy",2, IF(E11="Fresh",1, IF(E11="Mild",1,1))))) -> 2 | R11: =N11+O11+P11+Q11 -> 4
A12: 14 | B12: Mushroom Risotto | C12: Italian | D12: Mushroom | E12: Umami | F12: 340 | G12: 12 | H12: 3 | I12: Yes | J12: Italian | K12: =IF(G12>=USER_PROFILE!B17,1,0) -> 1 | L12: =IF(AND(USER_PROFILE!B18="Yes",H12<=5),1,0) -> 0 | M12: =IF(F12<=USER_PROFILE!B16,1,0) -> 0 | N12: =K12+L12+M12 -> 1 | O12: =IF(USER_PROFILE!B15="Vegan",IF(I12="Yes",1,0),1) -> 1 | P12: =IF(C12=USER_PROFILE!B14,1,0) -> 0 | Q12: =IF(E12="Creamy",3, IF(E12="Umami",2, IF(E12="Earthy",2, IF(E12="Fresh",1, IF(E12="Mild",1,1))))) -> 2 | R12: =N12+O12+P12+Q12 -> 4
A13: 18 | B13: Soya Chunk Curry | C13: Indian | D13: Soya Chunks | E13: Earthy | F13: 280 | G13: 22 | H13: 2 | I13: Yes | J13: North Indian | K13: =IF(G13>=USER_PROFILE!B21,1,0) -> 1 | L13: =IF(AND(USER_PROFILE!B22="Yes",H13<=5),1,0) -> 0 | M13: =IF(F13<=USER_PROFILE!B20,1,0) -> 0 | N13: =K13+L13+M13 -> 1 | O13: =IF(USER_PROFILE!B19="Vegan",IF(I13="Yes",1,0),1) -> 1 | P13: =IF(C13=USER_PROFILE!B18,1,0) -> 0 | Q13: =IF(E13="Creamy",3, IF(E13="Umami",2, IF(E13="Earthy",2, IF(E13="Fresh",1, IF(E13="Mild",1,1))))) -> 2 | R13: =N13+O13+P13+Q13 -> 4
A14: 3 | B14: Chickpea Curry | C14: Middle Eastern | D14: Chickpea | E14: Earthy | F14: 260 | G14: 14 | H14: 2 | I14: Yes | J14: Arabic | K14: =IF(G14>=USER_PROFILE!B6,1,0) -> 0 | L14: =IF(AND(USER_PROFILE!B7="Yes",H14<=5),1,0) -> 0 | M14: =IF(F14<=USER_PROFILE!B5,1,0) -> 0 | N14: =K14+L14+M14 -> 0 | O14: =IF(USER_PROFILE!B4="Vegan",IF(I14="Yes",1,0),1) -> 1 | P14: =IF(C14=USER_PROFILE!B3,1,0) -> 0 | Q14: =IF(E14="Creamy",3, IF(E14="Umami",2, IF(E14="Earthy",2, IF(E14="Fresh",1, IF(E14="Mild",1,1))))) -> 2 | R14: =N14+O14+P14+Q14 -> 3
A15: 7 | B15: Quinoa Salad | C15: Western | D15: Quinoa | E15: Fresh | F15: 220 | G15: 12 | H15: 1 | I15: Yes | J15: Global | K15: =IF(G15>=USER_PROFILE!B10,1,0) -> 1 | L15: =IF(AND(USER_PROFILE!B11="Yes",H15<=5),1,0) -> 0 | M15: =IF(F15<=USER_PROFILE!B9,1,0) -> 0 | N15: =K15+L15+M15 -> 1 | O15: =IF(USER_PROFILE!B8="Vegan",IF(I15="Yes",1,0),1) -> 1 | P15: =IF(C15=USER_PROFILE!B7,1,0) -> 0 | Q15: =IF(E15="Creamy",3, IF(E15="Umami",2, IF(E15="Earthy",2, IF(E15="Fresh",1, IF(E15="Mild",1,1))))) -> 1 | R15: =N15+O15+P15+Q15 -> 3
A16: 9 | B16: Idli Sambar | C16: Indian | D16: Rice & Lentils | E16: Mild | F16: 260 | G16: 9 | H16: 2 | I16: Yes | J16: South Indian | K16: =IF(G16>=USER_PROFILE!B12,1,0) -> 1 | L16: =IF(AND(USER_PROFILE!B13="Yes",H16<=5),1,0) -> 0 | M16: =IF(F16<=USER_PROFILE!B11,1,0) -> 0 | N16: =K16+L16+M16 -> 1 | O16: =IF(USER_PROFILE!B10="Vegan",IF(I16="Yes",1,0),1) -> 1 | P16: =IF(C16=USER_PROFILE!B9,1,0) -> 0 | Q16: =IF(E16="Creamy",3, IF(E16="Umami",2, IF(E16="Earthy",2, IF(E16="Fresh",1, IF(E16="Mild",1,1))))) -> 1 | R16: =N16+O16+P16+Q16 -> 3
A17: 15 | B17: Avocado Toast | C17: Western | D17: Avocado | E17: Fresh | F17: 250 | G17: 8 | H17: 1 | I17: Yes | J17: Global | K17: =IF(G17>=USER_PROFILE!B18,1,0) -> 1 | L17: =IF(AND(USER_PROFILE!B19="Yes",H17<=5),1,0) -> 0 | M17: =IF(F17<=USER_PROFILE!B17,1,0) -> 0 | N17: =K17+L17+M17 -> 1 | O17: =IF(USER_PROFILE!B16="Vegan",IF(I17="Yes",1,0),1) -> 1 | P17: =IF(C17=USER_PROFILE!B15,1,0) -> 0 | Q17: =IF(E17="Creamy",3, IF(E17="Umami",2, IF(E17="Earthy",2, IF(E17="Fresh",1, IF(E17="Mild",1,1))))) -> 1 | R17: =N17+O17+P17+Q17 -> 3
A18: 16 | B18: Vegetable Pad Thai | C18: Asian | D18: Rice Noodles | E18: Sweet | F18: 300 | G18: 11 | H18: 5 | I18: Yes | J18: Thai | K18: =IF(G18>=USER_PROFILE!B19,1,0) -> 1 | L18: =IF(AND(USER_PROFILE!B20="Yes",H18<=5),1,0) -> 0 | M18: =IF(F18<=USER_PROFILE!B18,1,0) -> 0 | N18: =K18+L18+M18 -> 1 | O18: =IF(USER_PROFILE!B17="Vegan",IF(I18="Yes",1,0),1) -> 1 | P18: =IF(C18=USER_PROFILE!B16,1,0) -> 0 | Q18: =IF(E18="Creamy",3, IF(E18="Umami",2, IF(E18="Earthy",2, IF(E18="Fresh",1, IF(E18="Mild",1,1))))) -> 1 | R18: =N18+O18+P18+Q18 -> 3
A19: 17 | B19: Bean & Veg Salad | C19: Western | D19: Beans | E19: Fresh | F19: 230 | G19: 14 | H19: 2 | I19: Yes | J19: Global | K19: =IF(G19>=USER_PROFILE!B20,1,0) -> 1 | L19: =IF(AND(USER_PROFILE!B21="Yes",H19<=5),1,0) -> 0 | M19: =IF(F19<=USER_PROFILE!B19,1,0) -> 0 | N19: =K19+L19+M19 -> 1 | O19: =IF(USER_PROFILE!B18="Vegan",IF(I19="Yes",1,0),1) -> 1 | P19: =IF(C19=USER_PROFILE!B17,1,0) -> 0 | Q19: =IF(E19="Creamy",3, IF(E19="Umami",2, IF(E19="Earthy",2, IF(E19="Fresh",1, IF(E19="Mild",1,1))))) -> 1 | R19: =N19+O19+P19+Q19 -> 3
A20: 19 | B20: Vegetable Upma | C20: Indian | D20: Semolina | E20: Mild | F20: 270 | G20: 9 | H20: 2 | I20: Yes | J20: South Indian | K20: =IF(G20>=USER_PROFILE!B22,1,0) -> 1 | L20: =IF(AND(USER_PROFILE!B23="Yes",H20<=5),1,0) -> 0 | M20: =IF(F20<=USER_PROFILE!B21,1,0) -> 0 | N20: =K20+L20+M20 -> 1 | O20: =IF(USER_PROFILE!B20="Vegan",IF(I20="Yes",1,0),1) -> 1 | P20: =IF(C20=USER_PROFILE!B19,1,0) -> 0 | Q20: =IF(E20="Creamy",3, IF(E20="Umami",2, IF(E20="Earthy",2, IF(E20="Fresh",1, IF(E20="Mild",1,1))))) -> 1 | R20: =N20+O20+P20+Q20 -> 3
A21: 20 | B21: Buddha Bowl | C21: Western | D21: Mixed Vegetables | E21: Fresh | F21: 260 | G21: 16 | H21: 1 | I21: Yes | J21: Global | K21: =IF(G21>=USER_PROFILE!B23,1,0) -> 1 | L21: =IF(AND(USER_PROFILE!B24="Yes",H21<=5),1,0) -> 0 | M21: =IF(F21<=USER_PROFILE!B22,1,0) -> 0 | N21: =K21+L21+M21 -> 1 | O21: =IF(USER_PROFILE!B21="Vegan",IF(I21="Yes",1,0),1) -> 1 | P21: =IF(C21=USER_PROFILE!B20,1,0) -> 0 | Q21: =IF(E21="Creamy",3, IF(E21="Umami",2, IF(E21="Earthy",2, IF(E21="Fresh",1, IF(E21="Mild",1,1))))) -> 1 | R21: =N21+O21+P21+Q21 -> 3

Sheet FLAVOR_PAIRING_DB
A1: FLAVOR_GROUP | B1: PAIRED_FLAVOR | C1: FLAVOR_SCORE
A2: Creamy | B2: Spicy | C2: 3
A3: Umami | B3: Spicy | C3: 2
A4: Earthy | B4: Fresh | C4: 2
A5: Mild | B5: Spicy | C5: 1
A6: Fresh | B6: Spicy | C6: 1
A7: Sweet | B7: Fresh | C7: 1

Sheet USER_PROFILE
A1: A (PREFERENCE) | B1: B (VALUE)
A2: Cuisine Preference | B2: Indian
A3: Diet Type | B3: Vegan
A4: Max Calories | B4: 300
A5: Min Protein | B5: 15
A6: Low Sugar | B6: Yes
A7: Preferred Flavor | B7: Spicy
